transaction_id,customer_id,merchant_id,amount,currency,timestamp,location,payment_method,status,transaction_date,transaction_hour,is_high_value,is_failed
T1001,C101,M501,4500.0,INR,2026-08-31 10:32:00,Mumbai,CARD,SUCCESS,2026-08-31,10,False,False
T1002,C102,M502,120.0,INR,2026-08-31 10:34:00,Pune,UPI,SUCCESS,2026-08-31,10,False,False
T1004,C104,M501,8500.0,INR,2026-08-31 10:38:00,Mumbai,CARD,FAILED,2026-08-31,10,False,True
T1005,C101,M504,22000.0,INR,2026-08-31 10:40:00,Pune,UPI,SUCCESS,2026-08-31,10,True,False
T1006,C105,M502,700.0,INR,2026-08-31 10:42:00,Bengaluru,UPI,SUCCESS,2026-08-31,10,False,False
T1007,C106,M505,1500.0,INR,2026-08-31 10:45:00,Hyderabad,CARD,FAILED,2026-08-31,10,False,True
T1008,C107,M503,3000.0,INR,2026-08-31 10:47:00,Delhi,CARD,SUCCESS,2026-08-31,10,False,False
T1009,C108,M501,12500.0,INR,2026-08-31 10:49:00,Mumbai,UPI,SUCCESS,2026-08-31,10,True,False
T1010,C109,M506,250.0,INR,2026-08-31 10:51:00,Pune,UPI,SUCCESS,2026-08-31,10,False,False
T1012,C110,M508,500.0,INR,2026-08-31 10:55:00,Pune,UPI,SUCCESS,2026-08-31,10,False,False
