amount,currency,customer_id,location,merchant_id,payment_method,status,timestamp,transaction_id
4500,INR,C101,Mumbai,M501,CARD,SUCCESS,2026-08-31 10:32:00,T1001
120,INR,C102,Pune,M502,UPI,SUCCESS,2026-08-31 10:34:00,T1002
-50,INR,C103,Delhi,M503,CARD,SUCCESS,2026-08-31 10:36:00,T1003
8500,INR,C104,Mumbai,M501,CARD,FAILED,2026-08-31 10:38:00,T1004
22000,INR,C101,Pune,M504,UPI,SUCCESS,2026-08-31 10:40:00,T1005
700,INR,C105,Bengaluru,M502,UPI,SUCCESS,2026-08-31 10:42:00,T1006
1500,INR,C106,Hyderabad,M505,CARD,FAILED,2026-08-31 10:45:00,T1007
3000,INR,C107,Delhi,M503,CARD,SUCCESS,2026-08-31 10:47:00,T1008
12500,INR,C108,Mumbai,M501,UPI,SUCCESS,2026-08-31 10:49:00,T1009
250,INR,C109,Pune,M506,UPI,SUCCESS,2026-08-31 10:51:00,T1010
250,INR,C109,Pune,M506,UPI,SUCCESS,2026-08-31 10:51:00,T1010
900,INR,,Pune,M507,CARD,SUCCESS,2026-08-31 10:53:00,T1011
500,INR,C110,Pune,M508,UPI,SUCCESS,2026-08-31 10:55:00,T1012
