transaction_id,customer_id,merchant_id,amount,currency,timestamp,location,payment_method,status
T1001,C101,M501,4500,INR,2026-08-31 10:32:00,Mumbai,CARD,SUCCESS
T1002,C102,M502,120,INR,2026-08-31 10:34:00,Pune,UPI,SUCCESS
T1003,C103,M503,-50,INR,2026-08-31 10:36:00,Delhi,CARD,SUCCESS
T1004,C104,M501,8500,INR,2026-08-31 10:38:00,Mumbai,CARD,FAILED
T1005,C101,M504,22000,INR,2026-08-31 10:40:00,Pune,UPI,SUCCESS
T1006,C105,M502,700,INR,2026-08-31 10:42:00,Bengaluru,UPI,SUCCESS
T1007,C106,M505,1500,INR,2026-08-31 10:45:00,Hyderabad,CARD,FAILED
T1008,C107,M503,3000,INR,2026-08-31 10:47:00,Delhi,CARD,SUCCESS
T1009,C108,M501,12500,INR,2026-08-31 10:49:00,Mumbai,UPI,SUCCESS
T1010,C109,M506,250,INR,2026-08-31 10:51:00,Pune,UPI,SUCCESS
T1010,C109,M506,250,INR,2026-08-31 10:51:00,Pune,UPI,SUCCESS
T1011,,M507,900,INR,2026-08-31 10:53:00,Pune,CARD,SUCCESS
T1012,C110,M508,500,INR,2026-08-31 10:55:00,Pune,UPI,SUCCESS
